--
-- PostgreSQL database dump
--

-- Dumped from database version 15.12 (Homebrew)
-- Dumped by pg_dump version 15.12 (Homebrew)

SET statement_timeout = 0;
SET lock_timeout = 0;
SET idle_in_transaction_session_timeout = 0;
SET client_encoding = 'UTF8';
SET standard_conforming_strings = on;
SELECT pg_catalog.set_config('search_path', '', false);
SET check_function_bodies = false;
SET xmloption = content;
SET client_min_messages = warning;
SET row_security = off;

--
-- Name: public; Type: SCHEMA; Schema: -; Owner: golddekor_user
--

-- *not* creating schema, since initdb creates it


ALTER SCHEMA public OWNER TO golddekor_user;

SET default_tablespace = '';

SET default_table_access_method = heap;

--
-- Name: auth_group; Type: TABLE; Schema: public; Owner: golddekor_user
--

CREATE TABLE public.auth_group (
    id integer NOT NULL,
    name character varying(150) NOT NULL
);


ALTER TABLE public.auth_group OWNER TO golddekor_user;

--
-- Name: auth_group_id_seq; Type: SEQUENCE; Schema: public; Owner: golddekor_user
--

ALTER TABLE public.auth_group ALTER COLUMN id ADD GENERATED BY DEFAULT AS IDENTITY (
    SEQUENCE NAME public.auth_group_id_seq
    START WITH 1
    INCREMENT BY 1
    NO MINVALUE
    NO MAXVALUE
    CACHE 1
);


--
-- Name: auth_group_permissions; Type: TABLE; Schema: public; Owner: golddekor_user
--

CREATE TABLE public.auth_group_permissions (
    id bigint NOT NULL,
    group_id integer NOT NULL,
    permission_id integer NOT NULL
);


ALTER TABLE public.auth_group_permissions OWNER TO golddekor_user;

--
-- Name: auth_group_permissions_id_seq; Type: SEQUENCE; Schema: public; Owner: golddekor_user
--

ALTER TABLE public.auth_group_permissions ALTER COLUMN id ADD GENERATED BY DEFAULT AS IDENTITY (
    SEQUENCE NAME public.auth_group_permissions_id_seq
    START WITH 1
    INCREMENT BY 1
    NO MINVALUE
    NO MAXVALUE
    CACHE 1
);


--
-- Name: auth_permission; Type: TABLE; Schema: public; Owner: golddekor_user
--

CREATE TABLE public.auth_permission (
    id integer NOT NULL,
    name character varying(255) NOT NULL,
    content_type_id integer NOT NULL,
    codename character varying(100) NOT NULL
);


ALTER TABLE public.auth_permission OWNER TO golddekor_user;

--
-- Name: auth_permission_id_seq; Type: SEQUENCE; Schema: public; Owner: golddekor_user
--

ALTER TABLE public.auth_permission ALTER COLUMN id ADD GENERATED BY DEFAULT AS IDENTITY (
    SEQUENCE NAME public.auth_permission_id_seq
    START WITH 1
    INCREMENT BY 1
    NO MINVALUE
    NO MAXVALUE
    CACHE 1
);


--
-- Name: auth_user; Type: TABLE; Schema: public; Owner: golddekor_user
--

CREATE TABLE public.auth_user (
    id integer NOT NULL,
    password character varying(128) NOT NULL,
    last_login timestamp with time zone,
    is_superuser boolean NOT NULL,
    username character varying(150) NOT NULL,
    first_name character varying(150) NOT NULL,
    last_name character varying(150) NOT NULL,
    email character varying(254) NOT NULL,
    is_staff boolean NOT NULL,
    is_active boolean NOT NULL,
    date_joined timestamp with time zone NOT NULL
);


ALTER TABLE public.auth_user OWNER TO golddekor_user;

--
-- Name: auth_user_groups; Type: TABLE; Schema: public; Owner: golddekor_user
--

CREATE TABLE public.auth_user_groups (
    id bigint NOT NULL,
    user_id integer NOT NULL,
    group_id integer NOT NULL
);


ALTER TABLE public.auth_user_groups OWNER TO golddekor_user;

--
-- Name: auth_user_groups_id_seq; Type: SEQUENCE; Schema: public; Owner: golddekor_user
--

ALTER TABLE public.auth_user_groups ALTER COLUMN id ADD GENERATED BY DEFAULT AS IDENTITY (
    SEQUENCE NAME public.auth_user_groups_id_seq
    START WITH 1
    INCREMENT BY 1
    NO MINVALUE
    NO MAXVALUE
    CACHE 1
);


--
-- Name: auth_user_id_seq; Type: SEQUENCE; Schema: public; Owner: golddekor_user
--

ALTER TABLE public.auth_user ALTER COLUMN id ADD GENERATED BY DEFAULT AS IDENTITY (
    SEQUENCE NAME public.auth_user_id_seq
    START WITH 1
    INCREMENT BY 1
    NO MINVALUE
    NO MAXVALUE
    CACHE 1
);


--
-- Name: auth_user_user_permissions; Type: TABLE; Schema: public; Owner: golddekor_user
--

CREATE TABLE public.auth_user_user_permissions (
    id bigint NOT NULL,
    user_id integer NOT NULL,
    permission_id integer NOT NULL
);


ALTER TABLE public.auth_user_user_permissions OWNER TO golddekor_user;

--
-- Name: auth_user_user_permissions_id_seq; Type: SEQUENCE; Schema: public; Owner: golddekor_user
--

ALTER TABLE public.auth_user_user_permissions ALTER COLUMN id ADD GENERATED BY DEFAULT AS IDENTITY (
    SEQUENCE NAME public.auth_user_user_permissions_id_seq
    START WITH 1
    INCREMENT BY 1
    NO MINVALUE
    NO MAXVALUE
    CACHE 1
);


--
-- Name: backend_category; Type: TABLE; Schema: public; Owner: golddekor_user
--

CREATE TABLE public.backend_category (
    id bigint NOT NULL,
    name character varying(200) NOT NULL,
    slug character varying(200) NOT NULL,
    description text NOT NULL
);


ALTER TABLE public.backend_category OWNER TO golddekor_user;

--
-- Name: backend_category_id_seq; Type: SEQUENCE; Schema: public; Owner: golddekor_user
--

ALTER TABLE public.backend_category ALTER COLUMN id ADD GENERATED BY DEFAULT AS IDENTITY (
    SEQUENCE NAME public.backend_category_id_seq
    START WITH 1
    INCREMENT BY 1
    NO MINVALUE
    NO MAXVALUE
    CACHE 1
);


--
-- Name: backend_product; Type: TABLE; Schema: public; Owner: golddekor_user
--

CREATE TABLE public.backend_product (
    id bigint NOT NULL,
    name character varying(200) NOT NULL,
    slug character varying(200) NOT NULL,
    description text NOT NULL,
    price numeric(10,2) NOT NULL,
    stock integer NOT NULL,
    image character varying(100) NOT NULL,
    available boolean NOT NULL,
    created timestamp with time zone NOT NULL,
    updated timestamp with time zone NOT NULL,
    category_id bigint NOT NULL,
    CONSTRAINT backend_product_stock_check CHECK ((stock >= 0))
);


ALTER TABLE public.backend_product OWNER TO golddekor_user;

--
-- Name: backend_product_id_seq; Type: SEQUENCE; Schema: public; Owner: golddekor_user
--

ALTER TABLE public.backend_product ALTER COLUMN id ADD GENERATED BY DEFAULT AS IDENTITY (
    SEQUENCE NAME public.backend_product_id_seq
    START WITH 1
    INCREMENT BY 1
    NO MINVALUE
    NO MAXVALUE
    CACHE 1
);


--
-- Name: catalog_category; Type: TABLE; Schema: public; Owner: golddekor_user
--

CREATE TABLE public.catalog_category (
    id bigint NOT NULL,
    name character varying(200) NOT NULL,
    slug character varying(200) NOT NULL,
    description text NOT NULL
);


ALTER TABLE public.catalog_category OWNER TO golddekor_user;

--
-- Name: catalog_category_id_seq; Type: SEQUENCE; Schema: public; Owner: golddekor_user
--

ALTER TABLE public.catalog_category ALTER COLUMN id ADD GENERATED BY DEFAULT AS IDENTITY (
    SEQUENCE NAME public.catalog_category_id_seq
    START WITH 1
    INCREMENT BY 1
    NO MINVALUE
    NO MAXVALUE
    CACHE 1
);


--
-- Name: catalog_product; Type: TABLE; Schema: public; Owner: golddekor_user
--

CREATE TABLE public.catalog_product (
    id bigint NOT NULL,
    name character varying(200) NOT NULL,
    slug character varying(200) NOT NULL,
    description text NOT NULL,
    price numeric(10,2) NOT NULL,
    stock integer NOT NULL,
    image character varying(100) NOT NULL,
    available boolean NOT NULL,
    created timestamp with time zone NOT NULL,
    updated timestamp with time zone NOT NULL,
    category_id bigint NOT NULL,
    CONSTRAINT catalog_product_stock_check CHECK ((stock >= 0))
);


ALTER TABLE public.catalog_product OWNER TO golddekor_user;

--
-- Name: catalog_product_id_seq; Type: SEQUENCE; Schema: public; Owner: golddekor_user
--

ALTER TABLE public.catalog_product ALTER COLUMN id ADD GENERATED BY DEFAULT AS IDENTITY (
    SEQUENCE NAME public.catalog_product_id_seq
    START WITH 1
    INCREMENT BY 1
    NO MINVALUE
    NO MAXVALUE
    CACHE 1
);


--
-- Name: django_admin_log; Type: TABLE; Schema: public; Owner: golddekor_user
--

CREATE TABLE public.django_admin_log (
    id integer NOT NULL,
    action_time timestamp with time zone NOT NULL,
    object_id text,
    object_repr character varying(200) NOT NULL,
    action_flag smallint NOT NULL,
    change_message text NOT NULL,
    content_type_id integer,
    user_id integer NOT NULL,
    CONSTRAINT django_admin_log_action_flag_check CHECK ((action_flag >= 0))
);


ALTER TABLE public.django_admin_log OWNER TO golddekor_user;

--
-- Name: django_admin_log_id_seq; Type: SEQUENCE; Schema: public; Owner: golddekor_user
--

ALTER TABLE public.django_admin_log ALTER COLUMN id ADD GENERATED BY DEFAULT AS IDENTITY (
    SEQUENCE NAME public.django_admin_log_id_seq
    START WITH 1
    INCREMENT BY 1
    NO MINVALUE
    NO MAXVALUE
    CACHE 1
);


--
-- Name: django_content_type; Type: TABLE; Schema: public; Owner: golddekor_user
--

CREATE TABLE public.django_content_type (
    id integer NOT NULL,
    app_label character varying(100) NOT NULL,
    model character varying(100) NOT NULL
);


ALTER TABLE public.django_content_type OWNER TO golddekor_user;

--
-- Name: django_content_type_id_seq; Type: SEQUENCE; Schema: public; Owner: golddekor_user
--

ALTER TABLE public.django_content_type ALTER COLUMN id ADD GENERATED BY DEFAULT AS IDENTITY (
    SEQUENCE NAME public.django_content_type_id_seq
    START WITH 1
    INCREMENT BY 1
    NO MINVALUE
    NO MAXVALUE
    CACHE 1
);


--
-- Name: django_migrations; Type: TABLE; Schema: public; Owner: golddekor_user
--

CREATE TABLE public.django_migrations (
    id bigint NOT NULL,
    app character varying(255) NOT NULL,
    name character varying(255) NOT NULL,
    applied timestamp with time zone NOT NULL
);


ALTER TABLE public.django_migrations OWNER TO golddekor_user;

--
-- Name: django_migrations_id_seq; Type: SEQUENCE; Schema: public; Owner: golddekor_user
--

ALTER TABLE public.django_migrations ALTER COLUMN id ADD GENERATED BY DEFAULT AS IDENTITY (
    SEQUENCE NAME public.django_migrations_id_seq
    START WITH 1
    INCREMENT BY 1
    NO MINVALUE
    NO MAXVALUE
    CACHE 1
);


--
-- Name: django_session; Type: TABLE; Schema: public; Owner: golddekor_user
--

CREATE TABLE public.django_session (
    session_key character varying(40) NOT NULL,
    session_data text NOT NULL,
    expire_date timestamp with time zone NOT NULL
);


ALTER TABLE public.django_session OWNER TO golddekor_user;

--
-- Data for Name: auth_group; Type: TABLE DATA; Schema: public; Owner: golddekor_user
--

COPY public.auth_group (id, name) FROM stdin;
\.


--
-- Data for Name: auth_group_permissions; Type: TABLE DATA; Schema: public; Owner: golddekor_user
--

COPY public.auth_group_permissions (id, group_id, permission_id) FROM stdin;
\.


--
-- Data for Name: auth_permission; Type: TABLE DATA; Schema: public; Owner: golddekor_user
--

COPY public.auth_permission (id, name, content_type_id, codename) FROM stdin;
1	Can add log entry	1	add_logentry
2	Can change log entry	1	change_logentry
3	Can delete log entry	1	delete_logentry
4	Can view log entry	1	view_logentry
5	Can add permission	2	add_permission
6	Can change permission	2	change_permission
7	Can delete permission	2	delete_permission
8	Can view permission	2	view_permission
9	Can add group	3	add_group
10	Can change group	3	change_group
11	Can delete group	3	delete_group
12	Can view group	3	view_group
13	Can add user	4	add_user
14	Can change user	4	change_user
15	Can delete user	4	delete_user
16	Can view user	4	view_user
17	Can add content type	5	add_contenttype
18	Can change content type	5	change_contenttype
19	Can delete content type	5	delete_contenttype
20	Can view content type	5	view_contenttype
21	Can add session	6	add_session
22	Can change session	6	change_session
23	Can delete session	6	delete_session
24	Can view session	6	view_session
25	Can add category	7	add_category
26	Can change category	7	change_category
27	Can delete category	7	delete_category
28	Can view category	7	view_category
29	Can add product	8	add_product
30	Can change product	8	change_product
31	Can delete product	8	delete_product
32	Can view product	8	view_product
33	Can add category	9	add_category
34	Can change category	9	change_category
35	Can delete category	9	delete_category
36	Can view category	9	view_category
37	Can add product	10	add_product
38	Can change product	10	change_product
39	Can delete product	10	delete_product
40	Can view product	10	view_product
\.


--
-- Data for Name: auth_user; Type: TABLE DATA; Schema: public; Owner: golddekor_user
--

COPY public.auth_user (id, password, last_login, is_superuser, username, first_name, last_name, email, is_staff, is_active, date_joined) FROM stdin;
1	pbkdf2_sha256$1000000$dzErMLzX6rrytYnp5LrVTK$hk2e1VNBZGXLOq2fXvz680Lhyceei04ho5MpNfJspHA=	2025-10-29 11:00:30.296756+03	f	admin				f	t	2025-10-29 11:00:29.756655+03
2	pbkdf2_sha256$1000000$sbLypSsDCowCFJRX9TewCn$/Kv/jq2844MsK6QexHTZv4wZa14RHWL512DOgZjEbcQ=	2025-10-29 16:07:20.796761+03	t	artemruslanovic				t	t	2025-10-29 16:06:56.135337+03
\.


--
-- Data for Name: auth_user_groups; Type: TABLE DATA; Schema: public; Owner: golddekor_user
--

COPY public.auth_user_groups (id, user_id, group_id) FROM stdin;
\.


--
-- Data for Name: auth_user_user_permissions; Type: TABLE DATA; Schema: public; Owner: golddekor_user
--

COPY public.auth_user_user_permissions (id, user_id, permission_id) FROM stdin;
\.


--
-- Data for Name: backend_category; Type: TABLE DATA; Schema: public; Owner: golddekor_user
--

COPY public.backend_category (id, name, slug, description) FROM stdin;
\.


--
-- Data for Name: backend_product; Type: TABLE DATA; Schema: public; Owner: golddekor_user
--

COPY public.backend_product (id, name, slug, description, price, stock, image, available, created, updated, category_id) FROM stdin;
\.


--
-- Data for Name: catalog_category; Type: TABLE DATA; Schema: public; Owner: golddekor_user
--

COPY public.catalog_category (id, name, slug, description) FROM stdin;
1	Лакокрасочные материалы	lakokrasochnye-materialy	
2	Растворители	rastvoriteli	
4	Штукатурно-малярный инструмент	shtukaturno-malyarnyj-instrument	
8	Строительные и кладочные смеси	stroitelnye-i-kladochnye-smesi	
9	Дача, сад	dacha-sad	
7	Автомобильные товары	avtomobilnye-tovary	
6	Товары для дома	tovary-dlya-doma	
5	Столярно-слесарный инструмент	stolyarno-slesarnyy-instrument	
3	Пены, герметики, клеи	peny-germetiki-klei	
\.


--
-- Data for Name: catalog_product; Type: TABLE DATA; Schema: public; Owner: golddekor_user
--

COPY public.catalog_product (id, name, slug, description, price, stock, image, available, created, updated, category_id) FROM stdin;
1	АСТРОХИМ Антигравий, серый, аэрозоль 520 мл	6114	Профессиональный состав на основе модифицированного полиэтилена, обеспечивает эффективную защиту лакокрасочного покрытия автомобиля от сколов.Препятствует возникновению очагов коррозии на нижних частях кузова автомобиля (колесные арки, пороги, фартук, днище и т.п.), наиболее подверженных абразивному воздействию песка, мелких камней и гравия.Существенно продлевает срок службы кузова.Образует покрытие, устойчивое к агрессивному воздействию кислотных осадков и дорожных реагентов.Обладает хорошим сцеплением с поверхностью, после высыхания может окрашиваться большинством автоэмалей.В течение длительного времени не трескается, не расслаивается и не теряет эластичности, при резких перепадах температур и на сильном морозе.Обладает звукопоглощающими свойствами.Легко и равномерно наносится благодаря аэрозольному распылению.Рекомендации по использованиюПеред применением состава обезжирьте поверхность. Для этого рекомендуем использовать «Антисиликон. Обезжириватель универсальный ASTROhim» (арт. АС-434).Перед обработкой поверхности опробуйте действие «АНТИГРАВИЙ ASTROhim» и стойкость к нему на небольшом малозаметном участке, чтобы убедиться, что лакокрасочное покрытие не вступит в реакцию с покрытием.Защитите поверхность, не подлежащие окрашиванию, малярным скотчем во избежание попадания на них следов состава.Энергично встряхните баллон в течение 2-3 минут. Для получения высококачественного покрытия рекомендуется наносить состав при температуре окружающей среды не ниже + 15 °С.Нанесите «Антигравий ASTROhim» на сухую, очищенную от грязи, ржавчины и обезжиренную поверхность в 2-3 слоя с расстояния 25-30 см.При окрашивании больших по площади поверхностей в промежутках между нанесением встряхивайте баллон.Интервал сушки между слоями – 10-15 мин. Время высыхания «на отлип» при температуре +20 °С составляет 30 мин. Полное время высыхания при температуре + 20 °С – 6 часов.Внимание! Во избежание засорения головки распылителя рекомендуется по окончании работы перевернуть баллон вверх дном и распылять до тех пор, пока не станет поступать чистый газ.Не наносить состав на лакокрасочное покрытие в течение 7 суток после его окрашивания.Расход - 1 баллон на 1-1,5 кв. м в зависимости от количества слоев.	18.60	100	products/2025/10/30/6114.jpg	t	2025-10-30 10:22:17.192595+03	2025-10-30 10:22:17.19261+03	7
2	Средство для розжига Гель "Тайна" 0,25л (пэт/т) РФ	4949	Средство для розжига угля, дров, топливных брикетов. Обеспечивает легкое безопасное возгорание на открытом воздухе, не дает вредной для организма копоти.Применяется для безопасного розжига печей, каминов, мангалов и костров.Необходимое количество геля нужно нанести на древесный уголь или бумагу, после чего поджечь. Огонь, в таком случае, будет ровным и, так сказать, мягким, то есть не вызовет пожар. При использовании геля можно не пользоваться резиновыми перчатками, так как он не разъедает кожу.	3.48	21	products/2025/10/30/4949.jpg	t	2025-10-30 10:23:54.238539+03	2025-10-30 10:23:54.238555+03	9
3	Грунт-эмаль по ржавчине 3в1 "ОПТИМА" чёрная 0.9 кг	2297	Область применения: грунт-эмаль по ржавчине 3в1 "ОПТИМА" применяется для окрашивания поверхностей, эксплуатируемых в атмосферных условиях и внутри помещений: металлических, как чистых, так и ржавых или частично прокорродировавших с остатками окалины и плотно держащейся ржавчины толщиной до 100 мкм; а также деревянных и минеральных.Свойства: готова к применению. Защищает окрашенные поверхности от атмосферных воздействий и коррозии. Сочетает свойства преобразователя ржавчины, антикоррозионной грунтовки и декоративной эмали, упрощая процесс окрашивания. Обладает хорошей адгезией к металлу. При нанесении в один слой, может применяться как грунтовка.Состав: алкидный лак, растворители, пигменты, наполнители, сиккативы.Расход: для получения однослойного покрытия по сухой подготовленной поверхности площадью 1м² требуется до 200 г грунт-эмали в зависимости от цвета, типа и состояния поверхности.Время высыхания каждого слоя при температуре (20±2) °С и относительной влажности воздуха (65±5) % - не более 12 ч.Срок годности - 24 месяца с даты изготовления.	13.68	100		t	2025-10-30 10:25:34.611842+03	2025-10-30 10:25:34.611859+03	1
4	Клей универсальный полимерный Русский ТИТАН 0,25 л	4469	Клей универсальный полимерный предназначен для наклеивания изделий из пенополистирола, экструдированного пенополистирола, глазури, паркета, паркетной мозаики, керамики, напольных ковровых покрытий, дерева, дерево-подобных материалов, пробки, искусственной кожи, бумаги, ткани и пр. Применяется для склеивания вышеперечисленных материалов друг с другом и в разных комбинациях, а также для приклеивания этих материалов к бетонным, цементно- известковым, гипсовым, штукатурным и кирпичным поверхностям. Клей создает водонепроницаемый шов.Область применения:Клей Русский Титан применяется для приклеивания потолочных плит, потолочных бордюров и других изделий из полистирола, линолеума, ковровых покрытий, паркета, керамики, стекла, дерева, кожи, асбеста, картона на бетонные, гипсовые, цементно-известковые, кирпичные и прочие поверхности, а также для склеивания между собой в различных комбинациях.Время схватывания 20-60 минут, в зависимости от нанесенного слоя. Время полного отверждения 24 часа.	4.32	100	products/2025/10/30/4469.jpg	t	2025-10-30 10:26:48.803238+03	2025-10-30 10:26:48.803253+03	3
5	Растворитель 646 0,4 л ПЭТ GoldDecor	2499	Растворитель 646 предназначен для разбавления нитроэмалей, нитролаков и нитрошпатлевок общего назначения.Способ применения: добавлять к лакокрасочным материалам небольшими порциями при перемешивании до нужной консистенции в соответствии с инструкцией по применению ЛКМСостав: смесь ароматических углеводородов, кетонов, спиртов.Меры предосторожности: использовать на открытом воздухе или в хорошо проветриваемом помещении. Применять СИЗ органов дыхания, глаз, кожи. При попадании на кожу смыть теплой водой с мылом. При розливе растворителя на поверхность его собирают ветошью, затем поверхность необходимо вымыть водой.Хранить в герметично закрытой таре, в местах недоступных для детей, вдали от нагревательных приборов, предохраняя от действия прямых солнечных лучей. Не допускать применения внутрь! Беречь от огня!Фасовка: 0.4L, 0.9L, 4.5L, 10L	4.08	100		t	2025-10-30 10:27:40.867905+03	2025-10-30 10:27:40.867922+03	2
6	Стяжки нейлоновые DR. BARRETT, черный 2.5х100мм (100 шт)	6016	Стяжки идеально подходят как для ремонтных и строительных работ, а также находят применение даже в рукоделии. Надежные и долговечные, изготовлены из нейлона 6.6. Выдерживают температуры от -35 °C до +80 °C.	1.32	100	products/2025/10/30/6016.png	t	2025-10-30 10:28:56.756834+03	2025-10-30 10:28:56.756887+03	5
7	ПАРАД РСС, жаростойкая-м (штукатурная), 800, Пк2, St-2 "Парад РШ", 2кг	1575	Парад РШ - сухая смесь для приготовления штукатурного раствора для отделки печей, каминов и дымоходов.При нанесении образует термостойкое штукатурное покрытие под последующую окраску. Обладает стойкостью к образованию трещин при систематических перепадах температур.Назначение:• оштукатуривание поверхностей печей и каминов, эксплуатирующихся при температуре до +800° С• заделка дефектов существующего штукатурного слоя на поверхностях, подверженных нагреваниюПреимущества:• содержит армирующие термостойкие волокна и огнеупорные наполнители, обеспечивающие высокие качественные характеристики покрытия• отличается повышенной стойкостью к образованию трещин при нагревании и охлажденииОсобенности применения:• температурные условия применения: от +5° С• рекомендуемая толщина основного слоя - 5 мм• максимальная толщина штукатурного покрытия - 20 мм• жизнеспособность приготовленного раствора - 30 минут• технологический перерыв от завершения кладочных работ до оштукатуривания поверхности - 1 месяц• перед оштукатуриванием поверхность огрунтовать термостойкой грунтовкой Парад Г-77• окрашивание производить известковыми составами	6.48	100	products/2025/10/30/1575.jpg	t	2025-10-30 10:30:05.255599+03	2025-10-30 10:30:05.255629+03	8
9	Кисть Economy 100x15	4478	Кисть с отличным соотношением производительности, дизайна и цены. Во время ее изготовления не экономят на клее, который необходимо равномерно расспределить по целой поверхности кисти для того, чтобы она была достаточно крепкой. Для щетины отобрали “Ханькоу” волокна ТОП 60%, которые качественно и по цене соответсвуют этому типу кисти.	10.68	54	products/2025/10/30/4478.jpg	t	2025-10-30 10:32:36.072948+03	2025-10-30 10:32:36.072964+03	4
8	СМС торговой марки BOFON, в растворимых капсулах – BOFON 3 in 1, 18 шт. в коробке, прямоугольная	4706	Высококонцентрированное жидкое средство нового поколения, благодаря 8-ми компонентной энзимной смеси отлично удаляет пятна, сохраняя яркость вещей, придает им свежесть и удаляет неприятный запах. Подходит для белых и цветных вещей. Не содержит фосфатов и хлорного отбеливателя. Гипоаллергенно. Полностью вымывается и не оставляет следов. Инновационная пленка капсул для стирки BOFON 3в1 полностью растворяется при контакте с водой за 1 минуту.Лёгкий цветочный аромат после стирки, нежно выражен и надолго сохраняет свежесть вашего белья и яркость цветных вещей.	7.56	0	products/2025/10/30/4706.png	t	2025-10-30 10:31:26.46343+03	2025-10-30 10:33:23.255546+03	6
\.


--
-- Data for Name: django_admin_log; Type: TABLE DATA; Schema: public; Owner: golddekor_user
--

COPY public.django_admin_log (id, action_time, object_id, object_repr, action_flag, change_message, content_type_id, user_id) FROM stdin;
1	2025-10-30 10:12:52.610931+03	1	Лакокрасочные материалы	1	[{"added": {}}]	9	2
2	2025-10-30 10:13:05.292344+03	2	Растворители	1	[{"added": {}}]	9	2
3	2025-10-30 10:13:25.670515+03	3	peny-germetiki-klei	1	[{"added": {}}]	9	2
4	2025-10-30 10:14:02.095098+03	4	Штукатурно-малярный инструмент	1	[{"added": {}}]	9	2
5	2025-10-30 10:14:20.01992+03	5	stolyarno-slesarnyy-instrument	1	[{"added": {}}]	9	2
6	2025-10-30 10:14:34.970772+03	6	tovary-dlya-doma	1	[{"added": {}}]	9	2
7	2025-10-30 10:14:50.441111+03	7	avtomobilnye-tovary	1	[{"added": {}}]	9	2
8	2025-10-30 10:15:02.631753+03	8	Строительные и кладочные смеси	1	[{"added": {}}]	9	2
9	2025-10-30 10:15:12.970739+03	9	Дача, сад	1	[{"added": {}}]	9	2
10	2025-10-30 10:15:29.953935+03	7	Автомобильные товары	2	[{"changed": {"fields": ["Name"]}}]	9	2
11	2025-10-30 10:15:52.181884+03	6	Товары для дома	2	[{"changed": {"fields": ["Name"]}}]	9	2
12	2025-10-30 10:16:10.255766+03	5	Столярно-слесарный инструмент	2	[{"changed": {"fields": ["Name"]}}]	9	2
13	2025-10-30 10:16:26.954003+03	3	Пены, герметики, клеи	2	[{"changed": {"fields": ["Name"]}}]	9	2
14	2025-10-30 10:22:17.237409+03	1	АСТРОХИМ Антигравий, серый, аэрозоль 520 мл	1	[{"added": {}}]	10	2
15	2025-10-30 10:23:54.239939+03	2	Средство для розжига Гель "Тайна" 0,25л (пэт/т) РФ	1	[{"added": {}}]	10	2
16	2025-10-30 10:25:34.614233+03	3	Грунт-эмаль по ржавчине 3в1 "ОПТИМА" чёрная 0.9 кг	1	[{"added": {}}]	10	2
17	2025-10-30 10:26:48.804743+03	4	Клей универсальный полимерный Русский ТИТАН 0,25 л	1	[{"added": {}}]	10	2
18	2025-10-30 10:27:40.869417+03	5	Растворитель 646 0,4 л ПЭТ GoldDecor	1	[{"added": {}}]	10	2
19	2025-10-30 10:28:56.759453+03	6	Стяжки нейлоновые DR. BARRETT, черный 2.5х100мм (100 шт)	1	[{"added": {}}]	10	2
20	2025-10-30 10:30:05.29738+03	7	ПАРАД РСС, жаростойкая-м (штукатурная), 800, Пк2, St-2 "Парад РШ", 2кг	1	[{"added": {}}]	10	2
21	2025-10-30 10:31:26.465188+03	8	СМС торговой марки BOFON, в растворимых капсулах – BOFON 3 in 1, 18 шт. в коробке, прямоугольная	1	[{"added": {}}]	10	2
22	2025-10-30 10:32:36.074454+03	9	Кисть Economy 100x15	1	[{"added": {}}]	10	2
23	2025-10-30 10:33:23.258266+03	8	СМС торговой марки BOFON, в растворимых капсулах – BOFON 3 in 1, 18 шт. в коробке, прямоугольная	2	[{"changed": {"fields": ["Available"]}}]	10	2
\.


--
-- Data for Name: django_content_type; Type: TABLE DATA; Schema: public; Owner: golddekor_user
--

COPY public.django_content_type (id, app_label, model) FROM stdin;
1	admin	logentry
2	auth	permission
3	auth	group
4	auth	user
5	contenttypes	contenttype
6	sessions	session
7	backend	category
8	backend	product
9	catalog	category
10	catalog	product
\.


--
-- Data for Name: django_migrations; Type: TABLE DATA; Schema: public; Owner: golddekor_user
--

COPY public.django_migrations (id, app, name, applied) FROM stdin;
1	contenttypes	0001_initial	2025-10-29 10:58:51.6207+03
2	auth	0001_initial	2025-10-29 10:58:51.687609+03
3	admin	0001_initial	2025-10-29 10:58:51.706271+03
4	admin	0002_logentry_remove_auto_add	2025-10-29 10:58:51.713477+03
5	admin	0003_logentry_add_action_flag_choices	2025-10-29 10:58:51.724222+03
6	contenttypes	0002_remove_content_type_name	2025-10-29 10:58:51.741536+03
7	auth	0002_alter_permission_name_max_length	2025-10-29 10:58:51.749532+03
8	auth	0003_alter_user_email_max_length	2025-10-29 10:58:51.758972+03
9	auth	0004_alter_user_username_opts	2025-10-29 10:58:51.766205+03
10	auth	0005_alter_user_last_login_null	2025-10-29 10:58:51.776023+03
11	auth	0006_require_contenttypes_0002	2025-10-29 10:58:51.777087+03
12	auth	0007_alter_validators_add_error_messages	2025-10-29 10:58:51.784928+03
13	auth	0008_alter_user_username_max_length	2025-10-29 10:58:51.798928+03
14	auth	0009_alter_user_last_name_max_length	2025-10-29 10:58:51.810154+03
15	auth	0010_alter_group_name_max_length	2025-10-29 10:58:51.822235+03
16	auth	0011_update_proxy_permissions	2025-10-29 10:58:51.831088+03
17	auth	0012_alter_user_first_name_max_length	2025-10-29 10:58:51.84208+03
18	backend	0001_initial	2025-10-29 10:58:51.875417+03
19	sessions	0001_initial	2025-10-29 10:58:51.886412+03
20	catalog	0001_initial	2025-10-29 14:57:53.358342+03
\.


--
-- Data for Name: django_session; Type: TABLE DATA; Schema: public; Owner: golddekor_user
--

COPY public.django_session (session_key, session_data, expire_date) FROM stdin;
q12ewuty8zd1y0q73u8k6eyv8a9zmhb6	.eJxVjEEOgyAQRe_CuiGAoOKy-56BDDNDtW0wEVwZ715NXLTb_95_mwiw1jGshZcwkRiEEbffLQK-OZ-AXpCfs8Q512WK8lTkRYt8zMSf--X-BUYo4_G2zqFuSXHyFn1sOo2dUuyJWx91bIhsMmCALepeKw2JHDlOKmKPqu2OKMJSxbDt-xczzzvP:1vENCw:if2XqDOl8N7fae5T3LBXNAlbAggzkL08ZZBjhAKQWSA	2025-11-13 10:36:30.845152+03
\.


--
-- Name: auth_group_id_seq; Type: SEQUENCE SET; Schema: public; Owner: golddekor_user
--

SELECT pg_catalog.setval('public.auth_group_id_seq', 1, false);


--
-- Name: auth_group_permissions_id_seq; Type: SEQUENCE SET; Schema: public; Owner: golddekor_user
--

SELECT pg_catalog.setval('public.auth_group_permissions_id_seq', 1, false);


--
-- Name: auth_permission_id_seq; Type: SEQUENCE SET; Schema: public; Owner: golddekor_user
--

SELECT pg_catalog.setval('public.auth_permission_id_seq', 40, true);


--
-- Name: auth_user_groups_id_seq; Type: SEQUENCE SET; Schema: public; Owner: golddekor_user
--

SELECT pg_catalog.setval('public.auth_user_groups_id_seq', 1, false);


--
-- Name: auth_user_id_seq; Type: SEQUENCE SET; Schema: public; Owner: golddekor_user
--

SELECT pg_catalog.setval('public.auth_user_id_seq', 2, true);


--
-- Name: auth_user_user_permissions_id_seq; Type: SEQUENCE SET; Schema: public; Owner: golddekor_user
--

SELECT pg_catalog.setval('public.auth_user_user_permissions_id_seq', 1, false);


--
-- Name: backend_category_id_seq; Type: SEQUENCE SET; Schema: public; Owner: golddekor_user
--

SELECT pg_catalog.setval('public.backend_category_id_seq', 1, false);


--
-- Name: backend_product_id_seq; Type: SEQUENCE SET; Schema: public; Owner: golddekor_user
--

SELECT pg_catalog.setval('public.backend_product_id_seq', 1, false);


--
-- Name: catalog_category_id_seq; Type: SEQUENCE SET; Schema: public; Owner: golddekor_user
--

SELECT pg_catalog.setval('public.catalog_category_id_seq', 9, true);


--
-- Name: catalog_product_id_seq; Type: SEQUENCE SET; Schema: public; Owner: golddekor_user
--

SELECT pg_catalog.setval('public.catalog_product_id_seq', 9, true);


--
-- Name: django_admin_log_id_seq; Type: SEQUENCE SET; Schema: public; Owner: golddekor_user
--

SELECT pg_catalog.setval('public.django_admin_log_id_seq', 23, true);


--
-- Name: django_content_type_id_seq; Type: SEQUENCE SET; Schema: public; Owner: golddekor_user
--

SELECT pg_catalog.setval('public.django_content_type_id_seq', 10, true);


--
-- Name: django_migrations_id_seq; Type: SEQUENCE SET; Schema: public; Owner: golddekor_user
--

SELECT pg_catalog.setval('public.django_migrations_id_seq', 20, true);


--
-- Name: auth_group auth_group_name_key; Type: CONSTRAINT; Schema: public; Owner: golddekor_user
--

ALTER TABLE ONLY public.auth_group
    ADD CONSTRAINT auth_group_name_key UNIQUE (name);


--
-- Name: auth_group_permissions auth_group_permissions_group_id_permission_id_0cd325b0_uniq; Type: CONSTRAINT; Schema: public; Owner: golddekor_user
--

ALTER TABLE ONLY public.auth_group_permissions
    ADD CONSTRAINT auth_group_permissions_group_id_permission_id_0cd325b0_uniq UNIQUE (group_id, permission_id);


--
-- Name: auth_group_permissions auth_group_permissions_pkey; Type: CONSTRAINT; Schema: public; Owner: golddekor_user
--

ALTER TABLE ONLY public.auth_group_permissions
    ADD CONSTRAINT auth_group_permissions_pkey PRIMARY KEY (id);


--
-- Name: auth_group auth_group_pkey; Type: CONSTRAINT; Schema: public; Owner: golddekor_user
--

ALTER TABLE ONLY public.auth_group
    ADD CONSTRAINT auth_group_pkey PRIMARY KEY (id);


--
-- Name: auth_permission auth_permission_content_type_id_codename_01ab375a_uniq; Type: CONSTRAINT; Schema: public; Owner: golddekor_user
--

ALTER TABLE ONLY public.auth_permission
    ADD CONSTRAINT auth_permission_content_type_id_codename_01ab375a_uniq UNIQUE (content_type_id, codename);


--
-- Name: auth_permission auth_permission_pkey; Type: CONSTRAINT; Schema: public; Owner: golddekor_user
--

ALTER TABLE ONLY public.auth_permission
    ADD CONSTRAINT auth_permission_pkey PRIMARY KEY (id);


--
-- Name: auth_user_groups auth_user_groups_pkey; Type: CONSTRAINT; Schema: public; Owner: golddekor_user
--

ALTER TABLE ONLY public.auth_user_groups
    ADD CONSTRAINT auth_user_groups_pkey PRIMARY KEY (id);


--
-- Name: auth_user_groups auth_user_groups_user_id_group_id_94350c0c_uniq; Type: CONSTRAINT; Schema: public; Owner: golddekor_user
--

ALTER TABLE ONLY public.auth_user_groups
    ADD CONSTRAINT auth_user_groups_user_id_group_id_94350c0c_uniq UNIQUE (user_id, group_id);


--
-- Name: auth_user auth_user_pkey; Type: CONSTRAINT; Schema: public; Owner: golddekor_user
--

ALTER TABLE ONLY public.auth_user
    ADD CONSTRAINT auth_user_pkey PRIMARY KEY (id);


--
-- Name: auth_user_user_permissions auth_user_user_permissions_pkey; Type: CONSTRAINT; Schema: public; Owner: golddekor_user
--

ALTER TABLE ONLY public.auth_user_user_permissions
    ADD CONSTRAINT auth_user_user_permissions_pkey PRIMARY KEY (id);


--
-- Name: auth_user_user_permissions auth_user_user_permissions_user_id_permission_id_14a6b632_uniq; Type: CONSTRAINT; Schema: public; Owner: golddekor_user
--

ALTER TABLE ONLY public.auth_user_user_permissions
    ADD CONSTRAINT auth_user_user_permissions_user_id_permission_id_14a6b632_uniq UNIQUE (user_id, permission_id);


--
-- Name: auth_user auth_user_username_key; Type: CONSTRAINT; Schema: public; Owner: golddekor_user
--

ALTER TABLE ONLY public.auth_user
    ADD CONSTRAINT auth_user_username_key UNIQUE (username);


--
-- Name: backend_category backend_category_pkey; Type: CONSTRAINT; Schema: public; Owner: golddekor_user
--

ALTER TABLE ONLY public.backend_category
    ADD CONSTRAINT backend_category_pkey PRIMARY KEY (id);


--
-- Name: backend_category backend_category_slug_key; Type: CONSTRAINT; Schema: public; Owner: golddekor_user
--

ALTER TABLE ONLY public.backend_category
    ADD CONSTRAINT backend_category_slug_key UNIQUE (slug);


--
-- Name: backend_product backend_product_pkey; Type: CONSTRAINT; Schema: public; Owner: golddekor_user
--

ALTER TABLE ONLY public.backend_product
    ADD CONSTRAINT backend_product_pkey PRIMARY KEY (id);


--
-- Name: catalog_category catalog_category_pkey; Type: CONSTRAINT; Schema: public; Owner: golddekor_user
--

ALTER TABLE ONLY public.catalog_category
    ADD CONSTRAINT catalog_category_pkey PRIMARY KEY (id);


--
-- Name: catalog_category catalog_category_slug_key; Type: CONSTRAINT; Schema: public; Owner: golddekor_user
--

ALTER TABLE ONLY public.catalog_category
    ADD CONSTRAINT catalog_category_slug_key UNIQUE (slug);


--
-- Name: catalog_product catalog_product_pkey; Type: CONSTRAINT; Schema: public; Owner: golddekor_user
--

ALTER TABLE ONLY public.catalog_product
    ADD CONSTRAINT catalog_product_pkey PRIMARY KEY (id);


--
-- Name: django_admin_log django_admin_log_pkey; Type: CONSTRAINT; Schema: public; Owner: golddekor_user
--

ALTER TABLE ONLY public.django_admin_log
    ADD CONSTRAINT django_admin_log_pkey PRIMARY KEY (id);


--
-- Name: django_content_type django_content_type_app_label_model_76bd3d3b_uniq; Type: CONSTRAINT; Schema: public; Owner: golddekor_user
--

ALTER TABLE ONLY public.django_content_type
    ADD CONSTRAINT django_content_type_app_label_model_76bd3d3b_uniq UNIQUE (app_label, model);


--
-- Name: django_content_type django_content_type_pkey; Type: CONSTRAINT; Schema: public; Owner: golddekor_user
--

ALTER TABLE ONLY public.django_content_type
    ADD CONSTRAINT django_content_type_pkey PRIMARY KEY (id);


--
-- Name: django_migrations django_migrations_pkey; Type: CONSTRAINT; Schema: public; Owner: golddekor_user
--

ALTER TABLE ONLY public.django_migrations
    ADD CONSTRAINT django_migrations_pkey PRIMARY KEY (id);


--
-- Name: django_session django_session_pkey; Type: CONSTRAINT; Schema: public; Owner: golddekor_user
--

ALTER TABLE ONLY public.django_session
    ADD CONSTRAINT django_session_pkey PRIMARY KEY (session_key);


--
-- Name: auth_group_name_a6ea08ec_like; Type: INDEX; Schema: public; Owner: golddekor_user
--

CREATE INDEX auth_group_name_a6ea08ec_like ON public.auth_group USING btree (name varchar_pattern_ops);


--
-- Name: auth_group_permissions_group_id_b120cbf9; Type: INDEX; Schema: public; Owner: golddekor_user
--

CREATE INDEX auth_group_permissions_group_id_b120cbf9 ON public.auth_group_permissions USING btree (group_id);


--
-- Name: auth_group_permissions_permission_id_84c5c92e; Type: INDEX; Schema: public; Owner: golddekor_user
--

CREATE INDEX auth_group_permissions_permission_id_84c5c92e ON public.auth_group_permissions USING btree (permission_id);


--
-- Name: auth_permission_content_type_id_2f476e4b; Type: INDEX; Schema: public; Owner: golddekor_user
--

CREATE INDEX auth_permission_content_type_id_2f476e4b ON public.auth_permission USING btree (content_type_id);


--
-- Name: auth_user_groups_group_id_97559544; Type: INDEX; Schema: public; Owner: golddekor_user
--

CREATE INDEX auth_user_groups_group_id_97559544 ON public.auth_user_groups USING btree (group_id);


--
-- Name: auth_user_groups_user_id_6a12ed8b; Type: INDEX; Schema: public; Owner: golddekor_user
--

CREATE INDEX auth_user_groups_user_id_6a12ed8b ON public.auth_user_groups USING btree (user_id);


--
-- Name: auth_user_user_permissions_permission_id_1fbb5f2c; Type: INDEX; Schema: public; Owner: golddekor_user
--

CREATE INDEX auth_user_user_permissions_permission_id_1fbb5f2c ON public.auth_user_user_permissions USING btree (permission_id);


--
-- Name: auth_user_user_permissions_user_id_a95ead1b; Type: INDEX; Schema: public; Owner: golddekor_user
--

CREATE INDEX auth_user_user_permissions_user_id_a95ead1b ON public.auth_user_user_permissions USING btree (user_id);


--
-- Name: auth_user_username_6821ab7c_like; Type: INDEX; Schema: public; Owner: golddekor_user
--

CREATE INDEX auth_user_username_6821ab7c_like ON public.auth_user USING btree (username varchar_pattern_ops);


--
-- Name: backend_category_name_f7cbd175; Type: INDEX; Schema: public; Owner: golddekor_user
--

CREATE INDEX backend_category_name_f7cbd175 ON public.backend_category USING btree (name);


--
-- Name: backend_category_name_f7cbd175_like; Type: INDEX; Schema: public; Owner: golddekor_user
--

CREATE INDEX backend_category_name_f7cbd175_like ON public.backend_category USING btree (name varchar_pattern_ops);


--
-- Name: backend_category_slug_f81bb986_like; Type: INDEX; Schema: public; Owner: golddekor_user
--

CREATE INDEX backend_category_slug_f81bb986_like ON public.backend_category USING btree (slug varchar_pattern_ops);


--
-- Name: backend_pro_id_c5c034_idx; Type: INDEX; Schema: public; Owner: golddekor_user
--

CREATE INDEX backend_pro_id_c5c034_idx ON public.backend_product USING btree (id, slug);


--
-- Name: backend_product_category_id_d4f6d780; Type: INDEX; Schema: public; Owner: golddekor_user
--

CREATE INDEX backend_product_category_id_d4f6d780 ON public.backend_product USING btree (category_id);


--
-- Name: backend_product_name_5bce1854; Type: INDEX; Schema: public; Owner: golddekor_user
--

CREATE INDEX backend_product_name_5bce1854 ON public.backend_product USING btree (name);


--
-- Name: backend_product_name_5bce1854_like; Type: INDEX; Schema: public; Owner: golddekor_user
--

CREATE INDEX backend_product_name_5bce1854_like ON public.backend_product USING btree (name varchar_pattern_ops);


--
-- Name: backend_product_slug_3bcf6d22; Type: INDEX; Schema: public; Owner: golddekor_user
--

CREATE INDEX backend_product_slug_3bcf6d22 ON public.backend_product USING btree (slug);


--
-- Name: backend_product_slug_3bcf6d22_like; Type: INDEX; Schema: public; Owner: golddekor_user
--

CREATE INDEX backend_product_slug_3bcf6d22_like ON public.backend_product USING btree (slug varchar_pattern_ops);


--
-- Name: catalog_category_name_fdc3466c; Type: INDEX; Schema: public; Owner: golddekor_user
--

CREATE INDEX catalog_category_name_fdc3466c ON public.catalog_category USING btree (name);


--
-- Name: catalog_category_name_fdc3466c_like; Type: INDEX; Schema: public; Owner: golddekor_user
--

CREATE INDEX catalog_category_name_fdc3466c_like ON public.catalog_category USING btree (name varchar_pattern_ops);


--
-- Name: catalog_category_slug_dbf63ad0_like; Type: INDEX; Schema: public; Owner: golddekor_user
--

CREATE INDEX catalog_category_slug_dbf63ad0_like ON public.catalog_category USING btree (slug varchar_pattern_ops);


--
-- Name: catalog_pro_id_a44864_idx; Type: INDEX; Schema: public; Owner: golddekor_user
--

CREATE INDEX catalog_pro_id_a44864_idx ON public.catalog_product USING btree (id, slug);


--
-- Name: catalog_product_category_id_35bf920b; Type: INDEX; Schema: public; Owner: golddekor_user
--

CREATE INDEX catalog_product_category_id_35bf920b ON public.catalog_product USING btree (category_id);


--
-- Name: catalog_product_name_924af5bc; Type: INDEX; Schema: public; Owner: golddekor_user
--

CREATE INDEX catalog_product_name_924af5bc ON public.catalog_product USING btree (name);


--
-- Name: catalog_product_name_924af5bc_like; Type: INDEX; Schema: public; Owner: golddekor_user
--

CREATE INDEX catalog_product_name_924af5bc_like ON public.catalog_product USING btree (name varchar_pattern_ops);


--
-- Name: catalog_product_slug_f37848b0; Type: INDEX; Schema: public; Owner: golddekor_user
--

CREATE INDEX catalog_product_slug_f37848b0 ON public.catalog_product USING btree (slug);


--
-- Name: catalog_product_slug_f37848b0_like; Type: INDEX; Schema: public; Owner: golddekor_user
--

CREATE INDEX catalog_product_slug_f37848b0_like ON public.catalog_product USING btree (slug varchar_pattern_ops);


--
-- Name: django_admin_log_content_type_id_c4bce8eb; Type: INDEX; Schema: public; Owner: golddekor_user
--

CREATE INDEX django_admin_log_content_type_id_c4bce8eb ON public.django_admin_log USING btree (content_type_id);


--
-- Name: django_admin_log_user_id_c564eba6; Type: INDEX; Schema: public; Owner: golddekor_user
--

CREATE INDEX django_admin_log_user_id_c564eba6 ON public.django_admin_log USING btree (user_id);


--
-- Name: django_session_expire_date_a5c62663; Type: INDEX; Schema: public; Owner: golddekor_user
--

CREATE INDEX django_session_expire_date_a5c62663 ON public.django_session USING btree (expire_date);


--
-- Name: django_session_session_key_c0390e0f_like; Type: INDEX; Schema: public; Owner: golddekor_user
--

CREATE INDEX django_session_session_key_c0390e0f_like ON public.django_session USING btree (session_key varchar_pattern_ops);


--
-- Name: auth_group_permissions auth_group_permissio_permission_id_84c5c92e_fk_auth_perm; Type: FK CONSTRAINT; Schema: public; Owner: golddekor_user
--

ALTER TABLE ONLY public.auth_group_permissions
    ADD CONSTRAINT auth_group_permissio_permission_id_84c5c92e_fk_auth_perm FOREIGN KEY (permission_id) REFERENCES public.auth_permission(id) DEFERRABLE INITIALLY DEFERRED;


--
-- Name: auth_group_permissions auth_group_permissions_group_id_b120cbf9_fk_auth_group_id; Type: FK CONSTRAINT; Schema: public; Owner: golddekor_user
--

ALTER TABLE ONLY public.auth_group_permissions
    ADD CONSTRAINT auth_group_permissions_group_id_b120cbf9_fk_auth_group_id FOREIGN KEY (group_id) REFERENCES public.auth_group(id) DEFERRABLE INITIALLY DEFERRED;


--
-- Name: auth_permission auth_permission_content_type_id_2f476e4b_fk_django_co; Type: FK CONSTRAINT; Schema: public; Owner: golddekor_user
--

ALTER TABLE ONLY public.auth_permission
    ADD CONSTRAINT auth_permission_content_type_id_2f476e4b_fk_django_co FOREIGN KEY (content_type_id) REFERENCES public.django_content_type(id) DEFERRABLE INITIALLY DEFERRED;


--
-- Name: auth_user_groups auth_user_groups_group_id_97559544_fk_auth_group_id; Type: FK CONSTRAINT; Schema: public; Owner: golddekor_user
--

ALTER TABLE ONLY public.auth_user_groups
    ADD CONSTRAINT auth_user_groups_group_id_97559544_fk_auth_group_id FOREIGN KEY (group_id) REFERENCES public.auth_group(id) DEFERRABLE INITIALLY DEFERRED;


--
-- Name: auth_user_groups auth_user_groups_user_id_6a12ed8b_fk_auth_user_id; Type: FK CONSTRAINT; Schema: public; Owner: golddekor_user
--

ALTER TABLE ONLY public.auth_user_groups
    ADD CONSTRAINT auth_user_groups_user_id_6a12ed8b_fk_auth_user_id FOREIGN KEY (user_id) REFERENCES public.auth_user(id) DEFERRABLE INITIALLY DEFERRED;


--
-- Name: auth_user_user_permissions auth_user_user_permi_permission_id_1fbb5f2c_fk_auth_perm; Type: FK CONSTRAINT; Schema: public; Owner: golddekor_user
--

ALTER TABLE ONLY public.auth_user_user_permissions
    ADD CONSTRAINT auth_user_user_permi_permission_id_1fbb5f2c_fk_auth_perm FOREIGN KEY (permission_id) REFERENCES public.auth_permission(id) DEFERRABLE INITIALLY DEFERRED;


--
-- Name: auth_user_user_permissions auth_user_user_permissions_user_id_a95ead1b_fk_auth_user_id; Type: FK CONSTRAINT; Schema: public; Owner: golddekor_user
--

ALTER TABLE ONLY public.auth_user_user_permissions
    ADD CONSTRAINT auth_user_user_permissions_user_id_a95ead1b_fk_auth_user_id FOREIGN KEY (user_id) REFERENCES public.auth_user(id) DEFERRABLE INITIALLY DEFERRED;


--
-- Name: backend_product backend_product_category_id_d4f6d780_fk_backend_category_id; Type: FK CONSTRAINT; Schema: public; Owner: golddekor_user
--

ALTER TABLE ONLY public.backend_product
    ADD CONSTRAINT backend_product_category_id_d4f6d780_fk_backend_category_id FOREIGN KEY (category_id) REFERENCES public.backend_category(id) DEFERRABLE INITIALLY DEFERRED;


--
-- Name: catalog_product catalog_product_category_id_35bf920b_fk_catalog_category_id; Type: FK CONSTRAINT; Schema: public; Owner: golddekor_user
--

ALTER TABLE ONLY public.catalog_product
    ADD CONSTRAINT catalog_product_category_id_35bf920b_fk_catalog_category_id FOREIGN KEY (category_id) REFERENCES public.catalog_category(id) DEFERRABLE INITIALLY DEFERRED;


--
-- Name: django_admin_log django_admin_log_content_type_id_c4bce8eb_fk_django_co; Type: FK CONSTRAINT; Schema: public; Owner: golddekor_user
--

ALTER TABLE ONLY public.django_admin_log
    ADD CONSTRAINT django_admin_log_content_type_id_c4bce8eb_fk_django_co FOREIGN KEY (content_type_id) REFERENCES public.django_content_type(id) DEFERRABLE INITIALLY DEFERRED;


--
-- Name: django_admin_log django_admin_log_user_id_c564eba6_fk_auth_user_id; Type: FK CONSTRAINT; Schema: public; Owner: golddekor_user
--

ALTER TABLE ONLY public.django_admin_log
    ADD CONSTRAINT django_admin_log_user_id_c564eba6_fk_auth_user_id FOREIGN KEY (user_id) REFERENCES public.auth_user(id) DEFERRABLE INITIALLY DEFERRED;


--
-- Name: DEFAULT PRIVILEGES FOR SEQUENCES; Type: DEFAULT ACL; Schema: public; Owner: artemruslanovic
--

ALTER DEFAULT PRIVILEGES FOR ROLE artemruslanovic IN SCHEMA public GRANT ALL ON SEQUENCES  TO golddekor_user;


--
-- Name: DEFAULT PRIVILEGES FOR TABLES; Type: DEFAULT ACL; Schema: public; Owner: artemruslanovic
--

ALTER DEFAULT PRIVILEGES FOR ROLE artemruslanovic IN SCHEMA public GRANT ALL ON TABLES  TO golddekor_user;


--
-- PostgreSQL database dump complete
--

